sample,site,trap,trap_type,order,count
DEMAR-P1,DEMAR,1,pitfall,diptera,1
DEMAR-P1,DEMAR,1,pitfall,hemiptera,1
DEMAR-P1,DEMAR,1,pitfall,hymenoptera,8
DEMAR-P2,DEMAR,2,pitfall,coleoptera,1
DEMAR-P2,DEMAR,2,pitfall,hemiptera,1
DEMAR-P2,DEMAR,2,pitfall,hymenoptera,7
DEMAR-P2,DEMAR,2,pitfall,acari,1
DEMAR-P3,DEMAR,3,pitfall,coleoptera,2
DEMAR-P3,DEMAR,3,pitfall,diptera,1
DEMAR-P3,DEMAR,3,pitfall,hymenoptera,1
DEMAR-P3,DEMAR,3,pitfall,collembola,2
DEMAR-P3,DEMAR,3,pitfall,araneae,1
DEMAR-P4,DEMAR,4,pitfall,coleoptera,1
DEMAR-P4,DEMAR,4,pitfall,diptera,1
DEMAR-P4,DEMAR,4,pitfall,hymenoptera,8
DEMAR-P4,DEMAR,4,pitfall,acari,1
DEMAR-P4,DEMAR,4,pitfall,isopoda,1
DEMAR-P5,DEMAR,5,pitfall,coleoptera,2
DEMAR-P5,DEMAR,5,pitfall,hemiptera,2
DEMAR-P5,DEMAR,5,pitfall,hymenoptera,7
DEMAR-P5,DEMAR,5,pitfall,acari,2
DEMAR-P6,DEMAR,6,pitfall,coleoptera,3
DEMAR-P6,DEMAR,6,pitfall,hemiptera,1
DEMAR-P6,DEMAR,6,pitfall,araneae,2
DEMAR-P7,DEMAR,7,pitfall,coleoptera,3
DEMAR-P7,DEMAR,7,pitfall,diptera,2
DEMAR-P7,DEMAR,7,pitfall,hymenoptera,9
DEMAR-P7,DEMAR,7,pitfall,acari,2
DEMAR-P8,DEMAR,8,pitfall,hemiptera,2
DEMAR-P8,DEMAR,8,pitfall,hymenoptera,2
DEMAR-P9,DEMAR,9,pitfall,hymenoptera,1
DEMAR-P9,DEMAR,9,pitfall,collembola,1
DEMAR-P9,DEMAR,9,pitfall,acari,1
DEMAR-P10,DEMAR,10,pitfall,coleoptera,2
DEMAR-P10,DEMAR,10,pitfall,hemiptera,1
DEMAR-P10,DEMAR,10,pitfall,hymenoptera,5
DEMAR-P10,DEMAR,10,pitfall,acari,2
DEMAR-P10,DEMAR,10,pitfall,araneae,1
DEMAR-P11,DEMAR,11,pitfall,coleoptera,1
DEMAR-P11,DEMAR,11,pitfall,hemiptera,1
DEMAR-P11,DEMAR,11,pitfall,hymenoptera,23
DEMAR-P11,DEMAR,11,pitfall,collembola,1
DEMAR-P11,DEMAR,11,pitfall,acari,1
DEMAR-P11,DEMAR,11,pitfall,araneae,3
DEMAR-P11,DEMAR,11,pitfall,pseudoscorpiones,1
DEMAR-P12,DEMAR,12,pitfall,coleoptera,3
DEMAR-P12,DEMAR,12,pitfall,hemiptera,1
DEMAR-P12,DEMAR,12,pitfall,hymenoptera,1
DEMAR-P12,DEMAR,12,pitfall,acari,1
EMONI-P1,EMONI,1,pitfall,coleoptera,3
EMONI-P1,EMONI,1,pitfall,diptera,26
EMONI-P1,EMONI,1,pitfall,hymenoptera,2
EMONI-P1,EMONI,1,pitfall,collembola,1
EMONI-P1,EMONI,1,pitfall,embioptera,5
EMONI-P2,EMONI,2,pitfall,diptera,1
EMONI-P2,EMONI,2,pitfall,hymenoptera,43
EMONI-P2,EMONI,2,pitfall,araneae,1
EMONI-P3,EMONI,3,pitfall,diptera,1
EMONI-P3,EMONI,3,pitfall,hemiptera,1
EMONI-P3,EMONI,3,pitfall,hymenoptera,7
EMONI-P3,EMONI,3,pitfall,gastropoda,1
EMONI-P4,EMONI,4,pitfall,hemiptera,1
EMONI-P4,EMONI,4,pitfall,hymenoptera,14
EMONI-P5,EMONI,5,pitfall,diptera,4
EMONI-P5,EMONI,5,pitfall,hymenoptera,2
EMONI-P6,EMONI,6,pitfall,hymenoptera,3
EMONI-P7,EMONI,7,pitfall,diptera,10
EMONI-P7,EMONI,7,pitfall,hymenoptera,9
EMONI-P7,EMONI,7,pitfall,lepidoptera,1
EMONI-P7,EMONI,7,pitfall,araneae,1
EMONI-P8,EMONI,8,pitfall,coleoptera,3
EMONI-P8,EMONI,8,pitfall,diptera,1
EMONI-P8,EMONI,8,pitfall,hemiptera,1
EMONI-P8,EMONI,8,pitfall,hymenoptera,7
EMONI-P9,EMONI,9,pitfall,coleoptera,1
EMONI-P9,EMONI,9,pitfall,hymenoptera,6
EMONI-P9,EMONI,9,pitfall,acari,1
EMONI-P10,EMONI,10,pitfall,diptera,1
EMONI-P10,EMONI,10,pitfall,hymenoptera,9
EMONI-P10,EMONI,10,pitfall,acari,1
EMONI-P10,EMONI,10,pitfall,araneae,1
EMONI-P11,EMONI,11,pitfall,coleoptera,2
EMONI-P11,EMONI,11,pitfall,diptera,1
EMONI-P11,EMONI,11,pitfall,hemiptera,1
EMONI-P11,EMONI,11,pitfall,hymenoptera,5
EMONI-P11,EMONI,11,pitfall,embioptera,1
EMONI-P11,EMONI,11,pitfall,araneae,1
EMONI-P12,EMONI,12,pitfall,coleoptera,1
EMONI-P12,EMONI,12,pitfall,hymenoptera,5
EMONI-P12,EMONI,12,pitfall,acari,1
MALYKO-P1,MALYKO,1,pitfall,coleoptera,15
MALYKO-P1,MALYKO,1,pitfall,hymenoptera,14
MALYKO-P1,MALYKO,1,pitfall,embioptera,1
MALYKO-P2,MALYKO,2,pitfall,coleoptera,9
MALYKO-P2,MALYKO,2,pitfall,hymenoptera,11
MALYKO-P2,MALYKO,2,pitfall,collembola,3
MALYKO-P2,MALYKO,2,pitfall,thysanura,1
MALYKO-P2,MALYKO,2,pitfall,acari,1
MALYKO-P3,MALYKO,3,pitfall,coleoptera,12
MALYKO-P3,MALYKO,3,pitfall,hymenoptera,8
MALYKO-P4,MALYKO,4,pitfall,coleoptera,29
MALYKO-P4,MALYKO,4,pitfall,hymenoptera,4
MALYKO-P4,MALYKO,4,pitfall,embioptera,1
MALYKO-P4,MALYKO,4,pitfall,acari,1
MALYKO-P4,MALYKO,4,pitfall,araneae,1
MALYKO-P5,MALYKO,5,pitfall,coleoptera,8
MALYKO-P5,MALYKO,5,pitfall,hymenoptera,1
MALYKO-P5,MALYKO,5,pitfall,isopoda,1
MALYKO-P6,MALYKO,6,pitfall,coleoptera,12
MALYKO-P6,MALYKO,6,pitfall,hymenoptera,9
MALYKO-P6,MALYKO,6,pitfall,acari,1
MALYKO-P7,MALYKO,7,pitfall,coleoptera,14
MALYKO-P7,MALYKO,7,pitfall,hymenoptera,18
MALYKO-P7,MALYKO,7,pitfall,embioptera,1
MALYKO-P7,MALYKO,7,pitfall,araneae,1
MALYKO-P9,MALYKO,9,pitfall,coleoptera,14
MALYKO-P9,MALYKO,9,pitfall,diptera,1
MALYKO-P9,MALYKO,9,pitfall,hemiptera,29
MALYKO-P9,MALYKO,9,pitfall,hymenoptera,19
MALYKO-P9,MALYKO,9,pitfall,acari,1
MALYKO-P9,MALYKO,9,pitfall,araneae,1
MALYKO-P9,MALYKO,9,pitfall,isopoda,1
MALYKO-P10,MALYKO,10,pitfall,coleoptera,19
MALYKO-P10,MALYKO,10,pitfall,hemiptera,1
MALYKO-P10,MALYKO,10,pitfall,hymenoptera,4
MALYKO-P10,MALYKO,10,pitfall,acari,1
MALYKO-P11,MALYKO,11,pitfall,coleoptera,12
MALYKO-P11,MALYKO,11,pitfall,hemiptera,3
MALYKO-P11,MALYKO,11,pitfall,hymenoptera,12
MALYKO-P11,MALYKO,11,pitfall,acari,1
MALYKO-P12,MALYKO,12,pitfall,coleoptera,11
MALYKO-P12,MALYKO,12,pitfall,hemiptera,1
MALYKO-P12,MALYKO,12,pitfall,hymenoptera,8
MALYKO-P12,MALYKO,12,pitfall,acari,1
NALYKO-P1,NALYKO,1,pitfall,coleoptera,1
NALYKO-P1,NALYKO,1,pitfall,hymenoptera,1
NALYKO-P1,NALYKO,1,pitfall,araneae,1
NALYKO-P1,NALYKO,1,pitfall,chilopoda,1
NALYKO-P2,NALYKO,2,pitfall,coleoptera,5
NALYKO-P2,NALYKO,2,pitfall,hymenoptera,3
NALYKO-P3,NALYKO,3,pitfall,coleoptera,11
NALYKO-P3,NALYKO,3,pitfall,hymenoptera,5
NALYKO-P4,NALYKO,4,pitfall,coleoptera,2
NALYKO-P4,NALYKO,4,pitfall,hemiptera,1
NALYKO-P4,NALYKO,4,pitfall,hymenoptera,2
NALYKO-P4,NALYKO,4,pitfall,acari,2
NALYKO-P5,NALYKO,5,pitfall,coleoptera,10
NALYKO-P5,NALYKO,5,pitfall,hymenoptera,12
NALYKO-P6,NALYKO,6,pitfall,coleoptera,3
NALYKO-P6,NALYKO,6,pitfall,hymenoptera,2
NALYKO-P7,NALYKO,7,pitfall,coleoptera,9
NALYKO-P7,NALYKO,7,pitfall,hemiptera,1
NALYKO-P7,NALYKO,7,pitfall,hymenoptera,17
NALYKO-P7,NALYKO,7,pitfall,thysanura,1
NALYKO-P8,NALYKO,8,pitfall,coleoptera,4
NALYKO-P8,NALYKO,8,pitfall,hymenoptera,7
NALYKO-P8,NALYKO,8,pitfall,thysanura,1
NALYKO-P8,NALYKO,8,pitfall,acari,1
NALYKO-P9,NALYKO,9,pitfall,coleoptera,1
NALYKO-P9,NALYKO,9,pitfall,diptera,1
NALYKO-P9,NALYKO,9,pitfall,hemiptera,1
NALYKO-P9,NALYKO,9,pitfall,hymenoptera,11
NALYKO-P10,NALYKO,10,pitfall,coleoptera,6
NALYKO-P10,NALYKO,10,pitfall,hymenoptera,6
NALYKO-P11,NALYKO,11,pitfall,hemiptera,1
NALYKO-P11,NALYKO,11,pitfall,hymenoptera,9
NALYKO-P12,NALYKO,12,pitfall,coleoptera,22
NALYKO-P12,NALYKO,12,pitfall,hymenoptera,33
NALYKO-P12,NALYKO,12,pitfall,coleoptera_larvae,1
RACHI-P1,RACHI,1,pitfall,coleoptera,13
RACHI-P1,RACHI,1,pitfall,hemiptera,1
RACHI-P1,RACHI,1,pitfall,hymenoptera,7
RACHI-P1,RACHI,1,pitfall,lepidoptera,1
RACHI-P1,RACHI,1,pitfall,collembola,1
RACHI-P1,RACHI,1,pitfall,isoptera,1
RACHI-P1,RACHI,1,pitfall,acari,1
RACHI-P2,RACHI,2,pitfall,coleoptera,1
RACHI-P2,RACHI,2,pitfall,hemiptera,9
RACHI-P2,RACHI,2,pitfall,hymenoptera,12
RACHI-P2,RACHI,2,pitfall,acari,1
RACHI-P3,RACHI,3,pitfall,coleoptera,1
RACHI-P3,RACHI,3,pitfall,hymenoptera,10
RACHI-P3,RACHI,3,pitfall,acari,1
RACHI-P4,RACHI,4,pitfall,diptera,2
RACHI-P4,RACHI,4,pitfall,hemiptera,2
RACHI-P4,RACHI,4,pitfall,acari,1
RACHI-P5,RACHI,5,pitfall,diptera,1
RACHI-P5,RACHI,5,pitfall,hemiptera,4
RACHI-P5,RACHI,5,pitfall,hymenoptera,19
RACHI-P5,RACHI,5,pitfall,araneae,1
RACHI-P6,RACHI,6,pitfall,coleoptera,1
RACHI-P6,RACHI,6,pitfall,hymenoptera,5
RACHI-P6,RACHI,6,pitfall,orthoptera,1
RACHI-P6,RACHI,6,pitfall,araneae,1
RACHI-P7,RACHI,7,pitfall,coleoptera,2
RACHI-P7,RACHI,7,pitfall,diptera,1
RACHI-P7,RACHI,7,pitfall,hemiptera,1
RACHI-P7,RACHI,7,pitfall,hymenoptera,1
RACHI-P7,RACHI,7,pitfall,thysanura,2
RACHI-P7,RACHI,7,pitfall,araneae,1
RACHI-P8,RACHI,8,pitfall,coleoptera,1
RACHI-P8,RACHI,8,pitfall,hemiptera,1
RACHI-P8,RACHI,8,pitfall,hymenoptera,6
RACHI-P8,RACHI,8,pitfall,araneae,2
RACHI-P9,RACHI,9,pitfall,coleoptera,2
RACHI-P9,RACHI,9,pitfall,hemiptera,1
RACHI-P9,RACHI,9,pitfall,hymenoptera,2
RACHI-P9,RACHI,9,pitfall,thysanura,1
RACHI-P9,RACHI,9,pitfall,lepidoptera_larvae,1
RACHI-P10,RACHI,10,pitfall,coleoptera,3
RACHI-P10,RACHI,10,pitfall,hymenoptera,19
RACHI-P10,RACHI,10,pitfall,thysanura,1
RACHI-P10,RACHI,10,pitfall,acari,3
RACHI-P10,RACHI,10,pitfall,araneae,2
RACHI-P11,RACHI,11,pitfall,coleoptera,2
RACHI-P11,RACHI,11,pitfall,hymenoptera,8
RACHI-P11,RACHI,11,pitfall,araneae,4
RACHI-P12,RACHI,12,pitfall,coleoptera,1
RACHI-P12,RACHI,12,pitfall,hymenoptera,2
SAGRI-P1,SAGRI,1,pitfall,coleoptera,2
SAGRI-P1,SAGRI,1,pitfall,diptera,1
SAGRI-P1,SAGRI,1,pitfall,hymenoptera,7
SAGRI-P1,SAGRI,1,pitfall,thysanura,1
SAGRI-P1,SAGRI,1,pitfall,acari,2
SAGRI-P1,SAGRI,1,pitfall,pseudoscorpiones,1
SAGRI-P2,SAGRI,2,pitfall,coleoptera,2
SAGRI-P2,SAGRI,2,pitfall,hemiptera,2
SAGRI-P2,SAGRI,2,pitfall,hymenoptera,16
SAGRI-P2,SAGRI,2,pitfall,acari,9
SAGRI-P3,SAGRI,3,pitfall,coleoptera,3
SAGRI-P3,SAGRI,3,pitfall,hemiptera,1
SAGRI-P3,SAGRI,3,pitfall,hymenoptera,36
SAGRI-P3,SAGRI,3,pitfall,acari,1
SAGRI-P3,SAGRI,3,pitfall,araneae,1
SAGRI-P3,SAGRI,3,pitfall,isopoda,1
SAGRI-P3,SAGRI,3,pitfall,opilliones,1
SAGRI-P4,SAGRI,4,pitfall,coleoptera,4
SAGRI-P4,SAGRI,4,pitfall,hymenoptera,3
SAGRI-P4,SAGRI,4,pitfall,thysanura,1
SAGRI-P4,SAGRI,4,pitfall,acari,7
SAGRI-P4,SAGRI,4,pitfall,araneae,1
SAGRI-P5,SAGRI,5,pitfall,coleoptera,4
SAGRI-P5,SAGRI,5,pitfall,hymenoptera,23
SAGRI-P5,SAGRI,5,pitfall,thysanura,5
SAGRI-P5,SAGRI,5,pitfall,coleoptera_larvae,1
SAGRI-P5,SAGRI,5,pitfall,acari,6
SAGRI-P5,SAGRI,5,pitfall,araneae,2
SAGRI-P5,SAGRI,5,pitfall,isopoda,2
SAGRI-P6,SAGRI,6,pitfall,coleoptera,2
SAGRI-P6,SAGRI,6,pitfall,diptera,1
SAGRI-P6,SAGRI,6,pitfall,hymenoptera,30
SAGRI-P6,SAGRI,6,pitfall,orthoptera,1
SAGRI-P6,SAGRI,6,pitfall,acari,3
SAGRI-P6,SAGRI,6,pitfall,araneae,4
SAGRI-P6,SAGRI,6,pitfall,isopoda,1
SAGRI-P7,SAGRI,7,pitfall,hymenoptera,1
SAGRI-P7,SAGRI,7,pitfall,thysanura,1
SAGRI-P7,SAGRI,7,pitfall,araneae,1
SAGRI-P7,SAGRI,7,pitfall,opilliones,2
SAGRI-P8,SAGRI,8,pitfall,coleoptera,3
SAGRI-P8,SAGRI,8,pitfall,hemiptera,4
SAGRI-P8,SAGRI,8,pitfall,hymenoptera,22
SAGRI-P8,SAGRI,8,pitfall,acari,1
SAGRI-P8,SAGRI,8,pitfall,araneae,2
SAGRI-P8,SAGRI,8,pitfall,isopoda,2
SAGRI-P9,SAGRI,9,pitfall,coleoptera,5
SAGRI-P9,SAGRI,9,pitfall,hemiptera,2
SAGRI-P9,SAGRI,9,pitfall,hymenoptera,28
SAGRI-P9,SAGRI,9,pitfall,acari,1
SAGRI-P9,SAGRI,9,pitfall,araneae,2
SAGRI-P10,SAGRI,10,pitfall,coleoptera,4
SAGRI-P10,SAGRI,10,pitfall,hemiptera,6
SAGRI-P10,SAGRI,10,pitfall,hymenoptera,3
SAGRI-P10,SAGRI,10,pitfall,acari,2
SAGRI-P10,SAGRI,10,pitfall,araneae,3
SAGRI-P11,SAGRI,11,pitfall,coleoptera,1
SAGRI-P11,SAGRI,11,pitfall,hymenoptera,5
SAGRI-P11,SAGRI,11,pitfall,acari,1
SAGRI-P11,SAGRI,11,pitfall,araneae,1
SAGRI-P12,SAGRI,12,pitfall,coleoptera,2
SAGRI-P12,SAGRI,12,pitfall,hemiptera,1
SAGRI-P12,SAGRI,12,pitfall,hymenoptera,68
SAGRI-P12,SAGRI,12,pitfall,acari,1
SMONI-P1,SMONI,1,pitfall,coleoptera,1
SMONI-P1,SMONI,1,pitfall,diptera,1
SMONI-P1,SMONI,1,pitfall,hymenoptera,3
SMONI-P1,SMONI,1,pitfall,acari,1
SMONI-P1,SMONI,1,pitfall,araneae,3
SMONI-P2,SMONI,2,pitfall,coleoptera,8
SMONI-P2,SMONI,2,pitfall,diptera,1
SMONI-P2,SMONI,2,pitfall,hemiptera,1
SMONI-P2,SMONI,2,pitfall,hymenoptera,2
SMONI-P2,SMONI,2,pitfall,acari,11
SMONI-P2,SMONI,2,pitfall,araneae,1
SMONI-P3,SMONI,3,pitfall,coleoptera,2
SMONI-P3,SMONI,3,pitfall,hymenoptera,2
SMONI-P3,SMONI,3,pitfall,araneae,3
SMONI-P4,SMONI,4,pitfall,hemiptera,3
SMONI-P4,SMONI,4,pitfall,hymenoptera,7
SMONI-P4,SMONI,4,pitfall,acari,3
SMONI-P5,SMONI,5,pitfall,coleoptera,2
SMONI-P5,SMONI,5,pitfall,hemiptera,1
SMONI-P5,SMONI,5,pitfall,hymenoptera,10
SMONI-P5,SMONI,5,pitfall,acari,5
SMONI-P6,SMONI,6,pitfall,coleoptera,3
SMONI-P6,SMONI,6,pitfall,diptera,1
SMONI-P6,SMONI,6,pitfall,hymenoptera,8
SMONI-P6,SMONI,6,pitfall,acari,3
SMONI-P7,SMONI,7,pitfall,coleoptera,5
SMONI-P7,SMONI,7,pitfall,diptera,7
SMONI-P7,SMONI,7,pitfall,hemiptera,2
SMONI-P7,SMONI,7,pitfall,hymenoptera,3
SMONI-P7,SMONI,7,pitfall,collembola,3
SMONI-P7,SMONI,7,pitfall,thysanura,1
SMONI-P7,SMONI,7,pitfall,acari,3
SMONI-P7,SMONI,7,pitfall,chilopoda,2
SMONI-P8,SMONI,8,pitfall,coleoptera,1
SMONI-P8,SMONI,8,pitfall,diptera,6
SMONI-P8,SMONI,8,pitfall,hemiptera,3
SMONI-P8,SMONI,8,pitfall,hymenoptera,5
SMONI-P8,SMONI,8,pitfall,collembola,2
SMONI-P8,SMONI,8,pitfall,neuroptera,1
SMONI-P8,SMONI,8,pitfall,acari,1
SMONI-P8,SMONI,8,pitfall,chilopoda,1
SMONI-P9,SMONI,9,pitfall,coleoptera,1
SMONI-P9,SMONI,9,pitfall,diptera,2
SMONI-P9,SMONI,9,pitfall,hemiptera,4
SMONI-P9,SMONI,9,pitfall,hymenoptera,15
SMONI-P9,SMONI,9,pitfall,collembola,3
SMONI-P9,SMONI,9,pitfall,lepidoptera_larvae,1
SMONI-P9,SMONI,9,pitfall,acari,3
SMONI-P9,SMONI,9,pitfall,chilopoda,2
SMONI-P9,SMONI,9,pitfall,opilliones,1
SMONI-P10,SMONI,10,pitfall,coleoptera,2
SMONI-P10,SMONI,10,pitfall,hemiptera,1
SMONI-P10,SMONI,10,pitfall,hymenoptera,4
SMONI-P10,SMONI,10,pitfall,acari,7
SMONI-P11,SMONI,11,pitfall,coleoptera,6
SMONI-P11,SMONI,11,pitfall,diptera,2
SMONI-P11,SMONI,11,pitfall,hymenoptera,11
SMONI-P11,SMONI,11,pitfall,acari,7
SMONI-P12,SMONI,12,pitfall,coleoptera,2
SMONI-P12,SMONI,12,pitfall,hemiptera,2
SMONI-P12,SMONI,12,pitfall,hymenoptera,5
SMONI-P12,SMONI,12,pitfall,acari,3
VIGLA-P1,VIGLA,1,pitfall,coleoptera,2
VIGLA-P1,VIGLA,1,pitfall,diptera,1
VIGLA-P1,VIGLA,1,pitfall,hemiptera,4
VIGLA-P1,VIGLA,1,pitfall,hymenoptera,15
VIGLA-P2,VIGLA,2,pitfall,coleoptera,4
VIGLA-P2,VIGLA,2,pitfall,hemiptera,24
VIGLA-P2,VIGLA,2,pitfall,hymenoptera,7
VIGLA-P2,VIGLA,2,pitfall,embioptera,1
VIGLA-P2,VIGLA,2,pitfall,coleoptera_larvae,1
VIGLA-P2,VIGLA,2,pitfall,acari,1
VIGLA-P2,VIGLA,2,pitfall,pseudoscorpiones,1
VIGLA-P3,VIGLA,3,pitfall,hemiptera,2
VIGLA-P3,VIGLA,3,pitfall,hymenoptera,12
VIGLA-P3,VIGLA,3,pitfall,coleoptera_larvae,2
VIGLA-P3,VIGLA,3,pitfall,acari,2
VIGLA-P3,VIGLA,3,pitfall,isopoda,1
VIGLA-P3,VIGLA,3,pitfall,pseudoscorpiones,1
VIGLA-P4,VIGLA,4,pitfall,coleoptera,2
VIGLA-P4,VIGLA,4,pitfall,hymenoptera,25
VIGLA-P4,VIGLA,4,pitfall,coleoptera_larvae,1
VIGLA-P5,VIGLA,5,pitfall,coleoptera,1
VIGLA-P5,VIGLA,5,pitfall,hymenoptera,4
VIGLA-P5,VIGLA,5,pitfall,coleoptera_larvae,2
VIGLA-P5,VIGLA,5,pitfall,acari,1
VIGLA-P6,VIGLA,6,pitfall,coleoptera,2
VIGLA-P6,VIGLA,6,pitfall,hemiptera,3
VIGLA-P6,VIGLA,6,pitfall,hymenoptera,13
VIGLA-P6,VIGLA,6,pitfall,orthoptera,1
VIGLA-P6,VIGLA,6,pitfall,lepidoptera_larvae,1
VIGLA-P6,VIGLA,6,pitfall,araneae,1
VIGLA-P7,VIGLA,7,pitfall,coleoptera,7
VIGLA-P7,VIGLA,7,pitfall,hemiptera,1
VIGLA-P7,VIGLA,7,pitfall,hymenoptera,24
VIGLA-P7,VIGLA,7,pitfall,coleoptera_larvae,2
VIGLA-P7,VIGLA,7,pitfall,acari,1
VIGLA-P7,VIGLA,7,pitfall,pseudoscorpiones,1
VIGLA-P8,VIGLA,8,pitfall,coleoptera,5
VIGLA-P8,VIGLA,8,pitfall,hymenoptera,28
VIGLA-P9,VIGLA,9,pitfall,coleoptera,5
VIGLA-P9,VIGLA,9,pitfall,hymenoptera,3
VIGLA-P9,VIGLA,9,pitfall,araneae,1
VIGLA-P10,VIGLA,10,pitfall,diptera,1
VIGLA-P10,VIGLA,10,pitfall,hemiptera,1
VIGLA-P10,VIGLA,10,pitfall,hymenoptera,186
VIGLA-P11,VIGLA,11,pitfall,coleoptera,3
VIGLA-P11,VIGLA,11,pitfall,hymenoptera,12
VIGLA-P11,VIGLA,11,pitfall,araneae,1
VIGLA-P12,VIGLA,12,pitfall,coleoptera,1
VIGLA-P12,VIGLA,12,pitfall,hymenoptera,13
VIGLA-P12,VIGLA,12,pitfall,araneae,2
WMONI-P1,WMONI,1,pitfall,coleoptera,12
WMONI-P1,WMONI,1,pitfall,diptera,2
WMONI-P1,WMONI,1,pitfall,hemiptera,3
WMONI-P1,WMONI,1,pitfall,hymenoptera,20
WMONI-P1,WMONI,1,pitfall,acari,3
WMONI-P1,WMONI,1,pitfall,pseudoscorpiones,1
WMONI-P2,WMONI,2,pitfall,coleoptera,8
WMONI-P2,WMONI,2,pitfall,diptera,9
WMONI-P2,WMONI,2,pitfall,hemiptera,2
WMONI-P2,WMONI,2,pitfall,hymenoptera,16
WMONI-P2,WMONI,2,pitfall,collembola,29
WMONI-P2,WMONI,2,pitfall,acari,10
WMONI-P2,WMONI,2,pitfall,araneae,2
WMONI-P2,WMONI,2,pitfall,chilopoda,1
WMONI-P3,WMONI,3,pitfall,coleoptera,2
WMONI-P3,WMONI,3,pitfall,diptera,4
WMONI-P3,WMONI,3,pitfall,hymenoptera,15
WMONI-P3,WMONI,3,pitfall,collembola,5
WMONI-P4,WMONI,4,pitfall,coleoptera,3
WMONI-P4,WMONI,4,pitfall,diptera,1
WMONI-P4,WMONI,4,pitfall,hemiptera,2
WMONI-P4,WMONI,4,pitfall,hymenoptera,3
WMONI-P4,WMONI,4,pitfall,collembola,3
WMONI-P4,WMONI,4,pitfall,acari,1
WMONI-P5,WMONI,5,pitfall,coleoptera,1
WMONI-P5,WMONI,5,pitfall,hymenoptera,6
WMONI-P5,WMONI,5,pitfall,collembola,2
WMONI-P5,WMONI,5,pitfall,acari,1
WMONI-P5,WMONI,5,pitfall,araneae,1
WMONI-P6,WMONI,6,pitfall,coleoptera,4
WMONI-P6,WMONI,6,pitfall,hymenoptera,10
WMONI-P6,WMONI,6,pitfall,acari,1
WMONI-P7,WMONI,7,pitfall,coleoptera,5
WMONI-P7,WMONI,7,pitfall,hymenoptera,20
WMONI-P7,WMONI,7,pitfall,collembola,14
WMONI-P7,WMONI,7,pitfall,acari,5
WMONI-P7,WMONI,7,pitfall,araneae,1
WMONI-P8,WMONI,8,pitfall,coleoptera,3
WMONI-P8,WMONI,8,pitfall,diptera,1
WMONI-P8,WMONI,8,pitfall,hemiptera,1
WMONI-P8,WMONI,8,pitfall,hymenoptera,3
WMONI-P8,WMONI,8,pitfall,collembola,30
WMONI-P8,WMONI,8,pitfall,acari,5
WMONI-P9,WMONI,9,pitfall,coleoptera,1
WMONI-P9,WMONI,9,pitfall,hymenoptera,3
WMONI-P9,WMONI,9,pitfall,acari,1
WMONI-P10,WMONI,10,pitfall,coleoptera,2
WMONI-P10,WMONI,10,pitfall,diptera,4
WMONI-P10,WMONI,10,pitfall,hymenoptera,26
WMONI-P10,WMONI,10,pitfall,collembola,16
WMONI-P10,WMONI,10,pitfall,acari,13
WMONI-P10,WMONI,10,pitfall,araneae,2
WMONI-P10,WMONI,10,pitfall,isopoda,1
WMONI-P11,WMONI,11,pitfall,coleoptera,3
WMONI-P11,WMONI,11,pitfall,hymenoptera,11
WMONI-P11,WMONI,11,pitfall,acari,1
WMONI-P11,WMONI,11,pitfall,araneae,1
WMONI-P12,WMONI,12,pitfall,coleoptera,2
WMONI-P12,WMONI,12,pitfall,diptera,1
WMONI-P12,WMONI,12,pitfall,hemiptera,1
WMONI-P12,WMONI,12,pitfall,hymenoptera,7
DEMAR-S1,DEMAR,1,sticky,diptera,13
DEMAR-S1,DEMAR,1,sticky,hymenoptera,1
DEMAR-S2,DEMAR,2,sticky,diptera,10
DEMAR-S2,DEMAR,2,sticky,hemiptera,1
DEMAR-S3,DEMAR,3,sticky,coleoptera,1
DEMAR-S3,DEMAR,3,sticky,diptera,13
DEMAR-S4,DEMAR,4,sticky,coleoptera,1
DEMAR-S4,DEMAR,4,sticky,diptera,3
DEMAR-S4,DEMAR,4,sticky,araneae,1
DEMAR-S5,DEMAR,5,sticky,diptera,7
DEMAR-S6,DEMAR,6,sticky,diptera,8
DEMAR-S6,DEMAR,6,sticky,hemiptera,1
DEMAR-S6,DEMAR,6,sticky,hymenoptera,2
DEMAR-S6,DEMAR,6,sticky,homoptera,1
DEMAR-S7,DEMAR,7,sticky,diptera,9
DEMAR-S7,DEMAR,7,sticky,hemiptera,7
DEMAR-S8,DEMAR,8,sticky,diptera,15
DEMAR-S8,DEMAR,8,sticky,araneae,1
DEMAR-S9,DEMAR,9,sticky,diptera,49
DEMAR-S9,DEMAR,9,sticky,hemiptera,7
DEMAR-S9,DEMAR,9,sticky,hymenoptera,1
DEMAR-S10,DEMAR,10,sticky,coleoptera,1
DEMAR-S10,DEMAR,10,sticky,diptera,10
DEMAR-S11,DEMAR,11,sticky,coleoptera,1
DEMAR-S11,DEMAR,11,sticky,diptera,17
DEMAR-S12,DEMAR,12,sticky,coleoptera,1
DEMAR-S12,DEMAR,12,sticky,diptera,5
DEMAR-S12,DEMAR,12,sticky,hymenoptera,1
EMONI-S1,EMONI,1,sticky,coleoptera,1
EMONI-S1,EMONI,1,sticky,diptera,30
EMONI-S1,EMONI,1,sticky,gastropoda,1
EMONI-S2,EMONI,2,sticky,coleoptera,1
EMONI-S2,EMONI,2,sticky,diptera,5
EMONI-S3,EMONI,3,sticky,diptera,6
EMONI-S4,EMONI,4,sticky,diptera,13
EMONI-S4,EMONI,4,sticky,hemiptera,1
EMONI-S4,EMONI,4,sticky,hymenoptera,1
EMONI-S4,EMONI,4,sticky,orthoptera,1
EMONI-S5,EMONI,5,sticky,diptera,11
EMONI-S5,EMONI,5,sticky,hymenoptera,3
EMONI-S6,EMONI,6,sticky,diptera,10
EMONI-S7,EMONI,7,sticky,coleoptera,1
EMONI-S7,EMONI,7,sticky,diptera,15
EMONI-S8,EMONI,8,sticky,coleoptera,1
EMONI-S8,EMONI,8,sticky,diptera,9
EMONI-S8,EMONI,8,sticky,hemiptera,2
EMONI-S9,EMONI,9,sticky,coleoptera,1
EMONI-S9,EMONI,9,sticky,diptera,22
EMONI-S9,EMONI,9,sticky,hymenoptera,1
EMONI-S10,EMONI,10,sticky,diptera,3
EMONI-S11,EMONI,11,sticky,diptera,11
EMONI-S12,EMONI,12,sticky,diptera,1
EMONI-S12,EMONI,12,sticky,hymenoptera,1
MALYKO-S1,MALYKO,1,sticky,diptera,15
MALYKO-S2,MALYKO,2,sticky,diptera,18
MALYKO-S3,MALYKO,3,sticky,coleoptera,1
MALYKO-S3,MALYKO,3,sticky,diptera,18
MALYKO-S3,MALYKO,3,sticky,hymenoptera,3
MALYKO-S3,MALYKO,3,sticky,psocoptera,2
MALYKO-S4,MALYKO,4,sticky,coleoptera,1
MALYKO-S4,MALYKO,4,sticky,diptera,11
MALYKO-S4,MALYKO,4,sticky,hemiptera,1
MALYKO-S4,MALYKO,4,sticky,araneae,1
MALYKO-S5,MALYKO,5,sticky,coleoptera,2
MALYKO-S5,MALYKO,5,sticky,diptera,84
MALYKO-S5,MALYKO,5,sticky,hemiptera,1
MALYKO-S5,MALYKO,5,sticky,hymenoptera,10
MALYKO-S6,MALYKO,6,sticky,diptera,35
MALYKO-S6,MALYKO,6,sticky,hemiptera,1
MALYKO-S6,MALYKO,6,sticky,psocoptera,1
MALYKO-S7,MALYKO,7,sticky,diptera,18
MALYKO-S7,MALYKO,7,sticky,hemiptera,3
MALYKO-S7,MALYKO,7,sticky,hymenoptera,2
MALYKO-S9,MALYKO,9,sticky,coleoptera,1
MALYKO-S9,MALYKO,9,sticky,diptera,41
MALYKO-S9,MALYKO,9,sticky,hemiptera,4
MALYKO-S9,MALYKO,9,sticky,hymenoptera,12
MALYKO-S9,MALYKO,9,sticky,lepidoptera,1
MALYKO-S10,MALYKO,10,sticky,coleoptera,2
MALYKO-S10,MALYKO,10,sticky,diptera,11
MALYKO-S10,MALYKO,10,sticky,hemiptera,2
MALYKO-S10,MALYKO,10,sticky,hymenoptera,3
MALYKO-S11,MALYKO,11,sticky,coleoptera,1
MALYKO-S11,MALYKO,11,sticky,diptera,27
MALYKO-S11,MALYKO,11,sticky,hemiptera,4
MALYKO-S12,MALYKO,12,sticky,coleoptera,1
MALYKO-S12,MALYKO,12,sticky,diptera,21
MALYKO-S12,MALYKO,12,sticky,hemiptera,8
MALYKO-S12,MALYKO,12,sticky,psocoptera,7
NALYKO-S1,NALYKO,1,sticky,diptera,50
NALYKO-S1,NALYKO,1,sticky,araneae,1
NALYKO-S2,NALYKO,2,sticky,diptera,16
NALYKO-S3,NALYKO,3,sticky,diptera,54
NALYKO-S4,NALYKO,4,sticky,diptera,7
NALYKO-S4,NALYKO,4,sticky,hemiptera,1
NALYKO-S5,NALYKO,5,sticky,diptera,9
NALYKO-S5,NALYKO,5,sticky,hemiptera,1
NALYKO-S5,NALYKO,5,sticky,hymenoptera,1
NALYKO-S6,NALYKO,6,sticky,diptera,6
NALYKO-S7,NALYKO,7,sticky,diptera,24
NALYKO-S7,NALYKO,7,sticky,hemiptera,2
NALYKO-S8,NALYKO,8,sticky,diptera,18
NALYKO-S9,NALYKO,9,sticky,diptera,5
NALYKO-S9,NALYKO,9,sticky,hemiptera,1
NALYKO-S10,NALYKO,10,sticky,coleoptera,1
NALYKO-S10,NALYKO,10,sticky,diptera,12
NALYKO-S10,NALYKO,10,sticky,hemiptera,1
NALYKO-S11,NALYKO,11,sticky,diptera,12
NALYKO-S12,NALYKO,12,sticky,diptera,23
NALYKO-S12,NALYKO,12,sticky,hymenoptera,2
RACHI-S2,RACHI,2,sticky,diptera,3
RACHI-S2,RACHI,2,sticky,hemiptera,2
RACHI-S2,RACHI,2,sticky,orthoptera,1
RACHI-S3,RACHI,3,sticky,diptera,4
RACHI-S3,RACHI,3,sticky,hymenoptera,1
RACHI-S4,RACHI,4,sticky,diptera,2
RACHI-S4,RACHI,4,sticky,hemiptera,1
RACHI-S5,RACHI,5,sticky,diptera,6
RACHI-S5,RACHI,5,sticky,araneae,1
RACHI-S6,RACHI,6,sticky,diptera,4
RACHI-S7,RACHI,7,sticky,diptera,4
RACHI-S8,RACHI,8,sticky,diptera,2
RACHI-S8,RACHI,8,sticky,lepidoptera,1
RACHI-S9,RACHI,9,sticky,diptera,6
RACHI-S9,RACHI,9,sticky,hymenoptera,1
RACHI-S9,RACHI,9,sticky,araneae,1
RACHI-S10,RACHI,10,sticky,coleoptera,2
RACHI-S10,RACHI,10,sticky,diptera,4
RACHI-S10,RACHI,10,sticky,hemiptera,2
RACHI-S11,RACHI,11,sticky,diptera,4
RACHI-S11,RACHI,11,sticky,hymenoptera,3
RACHI-S11,RACHI,11,sticky,orthoptera,1
RACHI-S12,RACHI,12,sticky,hemiptera,1
RACHI-S12,RACHI,12,sticky,hymenoptera,2
RACHI-S12,RACHI,12,sticky,lepidoptera,1
SAGRI-S1,SAGRI,1,sticky,hemiptera,1
SAGRI-S1,SAGRI,1,sticky,hymenoptera,1
SAGRI-S1,SAGRI,1,sticky,orthoptera,1
SAGRI-S2,SAGRI,2,sticky,diptera,3
SAGRI-S3,SAGRI,3,sticky,araneae,1
SAGRI-S4,SAGRI,4,sticky,coleoptera,1
SAGRI-S4,SAGRI,4,sticky,diptera,2
SAGRI-S4,SAGRI,4,sticky,hemiptera,1
SAGRI-S5,SAGRI,5,sticky,diptera,2
SAGRI-S6,SAGRI,6,sticky,coleoptera,1
SAGRI-S6,SAGRI,6,sticky,diptera,15
SAGRI-S7,SAGRI,7,sticky,diptera,5
SAGRI-S7,SAGRI,7,sticky,hemiptera,1
SAGRI-S7,SAGRI,7,sticky,orthoptera,1
SAGRI-S8,SAGRI,8,sticky,coleoptera,1
SAGRI-S8,SAGRI,8,sticky,diptera,6
SAGRI-S8,SAGRI,8,sticky,hemiptera,1
SAGRI-S8,SAGRI,8,sticky,hymenoptera,1
SAGRI-S9,SAGRI,9,sticky,coleoptera,1
SAGRI-S9,SAGRI,9,sticky,diptera,3
SAGRI-S9,SAGRI,9,sticky,hemiptera,1
SAGRI-S9,SAGRI,9,sticky,hymenoptera,3
SAGRI-S10,SAGRI,10,sticky,hymenoptera,1
SAGRI-S11,SAGRI,11,sticky,diptera,5
SAGRI-S11,SAGRI,11,sticky,hymenoptera,2
SAGRI-S12,SAGRI,12,sticky,diptera,4
SMONI-S1,SMONI,1,sticky,diptera,37
SMONI-S1,SMONI,1,sticky,hemiptera,3
SMONI-S2,SMONI,2,sticky,diptera,30
SMONI-S2,SMONI,2,sticky,hymenoptera,1
SMONI-S3,SMONI,3,sticky,coleoptera,4
SMONI-S3,SMONI,3,sticky,diptera,49
SMONI-S3,SMONI,3,sticky,hemiptera,1
SMONI-S4,SMONI,4,sticky,diptera,42
SMONI-S4,SMONI,4,sticky,hymenoptera,1
SMONI-S4,SMONI,4,sticky,raphidioptera,1
SMONI-S5,SMONI,5,sticky,coleoptera,1
SMONI-S5,SMONI,5,sticky,diptera,24
SMONI-S5,SMONI,5,sticky,araneae,1
SMONI-S6,SMONI,6,sticky,diptera,34
SMONI-S6,SMONI,6,sticky,hemiptera,2
SMONI-S6,SMONI,6,sticky,hymenoptera,4
SMONI-S6,SMONI,6,sticky,raphidioptera,1
SMONI-S7,SMONI,7,sticky,coleoptera,1
SMONI-S7,SMONI,7,sticky,diptera,39
SMONI-S7,SMONI,7,sticky,hemiptera,7
SMONI-S7,SMONI,7,sticky,hymenoptera,1
SMONI-S8,SMONI,8,sticky,diptera,14
SMONI-S8,SMONI,8,sticky,hemiptera,3
SMONI-S8,SMONI,8,sticky,hymenoptera,1
SMONI-S8,SMONI,8,sticky,raphidioptera,13
SMONI-S9,SMONI,9,sticky,diptera,33
SMONI-S9,SMONI,9,sticky,hemiptera,10
SMONI-S9,SMONI,9,sticky,hymenoptera,1
SMONI-S9,SMONI,9,sticky,raphidioptera,1
SMONI-S10,SMONI,10,sticky,coleoptera,1
SMONI-S10,SMONI,10,sticky,diptera,70
SMONI-S10,SMONI,10,sticky,hemiptera,6
SMONI-S10,SMONI,10,sticky,hymenoptera,3
SMONI-S11,SMONI,11,sticky,coleoptera,1
SMONI-S11,SMONI,11,sticky,diptera,19
SMONI-S11,SMONI,11,sticky,hemiptera,2
SMONI-S12,SMONI,12,sticky,diptera,25
SMONI-S12,SMONI,12,sticky,hemiptera,4
SMONI-S12,SMONI,12,sticky,raphidioptera,2
VIGLA-S1,VIGLA,1,sticky,diptera,15
VIGLA-S1,VIGLA,1,sticky,hymenoptera,3
VIGLA-S1,VIGLA,1,sticky,embioptera,2
VIGLA-S2,VIGLA,2,sticky,coleoptera,1
VIGLA-S2,VIGLA,2,sticky,diptera,16
VIGLA-S2,VIGLA,2,sticky,hymenoptera,1
VIGLA-S3,VIGLA,3,sticky,coleoptera,2
VIGLA-S3,VIGLA,3,sticky,diptera,22
VIGLA-S3,VIGLA,3,sticky,embioptera,4
VIGLA-S4,VIGLA,4,sticky,diptera,13
VIGLA-S4,VIGLA,4,sticky,hemiptera,1
VIGLA-S4,VIGLA,4,sticky,hymenoptera,1
VIGLA-S4,VIGLA,4,sticky,orthoptera,1
VIGLA-S4,VIGLA,4,sticky,embioptera,6
VIGLA-S5,VIGLA,5,sticky,coleoptera,4
VIGLA-S5,VIGLA,5,sticky,diptera,13
VIGLA-S5,VIGLA,5,sticky,embioptera,2
VIGLA-S6,VIGLA,6,sticky,coleoptera,1
VIGLA-S6,VIGLA,6,sticky,diptera,8
VIGLA-S6,VIGLA,6,sticky,hemiptera,2
VIGLA-S6,VIGLA,6,sticky,hymenoptera,2
VIGLA-S6,VIGLA,6,sticky,embioptera,11
VIGLA-S7,VIGLA,7,sticky,coleoptera,1
VIGLA-S7,VIGLA,7,sticky,diptera,4
VIGLA-S7,VIGLA,7,sticky,embioptera,7
VIGLA-S8,VIGLA,8,sticky,coleoptera,2
VIGLA-S8,VIGLA,8,sticky,diptera,10
VIGLA-S8,VIGLA,8,sticky,embioptera,1
VIGLA-S9,VIGLA,9,sticky,diptera,20
VIGLA-S9,VIGLA,9,sticky,hemiptera,2
VIGLA-S9,VIGLA,9,sticky,hymenoptera,2
VIGLA-S9,VIGLA,9,sticky,embioptera,7
VIGLA-S9,VIGLA,9,sticky,araneae,1
VIGLA-S10,VIGLA,10,sticky,coleoptera,2
VIGLA-S10,VIGLA,10,sticky,diptera,22
VIGLA-S10,VIGLA,10,sticky,hemiptera,2
VIGLA-S10,VIGLA,10,sticky,hymenoptera,2
VIGLA-S10,VIGLA,10,sticky,embioptera,4
VIGLA-S11,VIGLA,11,sticky,diptera,10
VIGLA-S11,VIGLA,11,sticky,hemiptera,2
VIGLA-S11,VIGLA,11,sticky,hymenoptera,2
VIGLA-S11,VIGLA,11,sticky,embioptera,2
VIGLA-S11,VIGLA,11,sticky,araneae,1
VIGLA-S12,VIGLA,12,sticky,diptera,16
VIGLA-S12,VIGLA,12,sticky,embioptera,4
VIGLA-S12,VIGLA,12,sticky,araneae,1
WMONI-S1,WMONI,1,sticky,diptera,12
WMONI-S2,WMONI,2,sticky,coleoptera,2
WMONI-S2,WMONI,2,sticky,diptera,26
WMONI-S2,WMONI,2,sticky,hemiptera,3
WMONI-S2,WMONI,2,sticky,hymenoptera,4
WMONI-S3,WMONI,3,sticky,coleoptera,1
WMONI-S3,WMONI,3,sticky,diptera,33
WMONI-S3,WMONI,3,sticky,hemiptera,1
WMONI-S4,WMONI,4,sticky,coleoptera,3
WMONI-S4,WMONI,4,sticky,diptera,23
WMONI-S4,WMONI,4,sticky,hemiptera,1
WMONI-S4,WMONI,4,sticky,embioptera,2
WMONI-S4,WMONI,4,sticky,raphidioptera,1
WMONI-S5,WMONI,5,sticky,coleoptera,5
WMONI-S5,WMONI,5,sticky,diptera,21
WMONI-S6,WMONI,6,sticky,coleoptera,1
WMONI-S6,WMONI,6,sticky,diptera,11
WMONI-S6,WMONI,6,sticky,hemiptera,2
WMONI-S6,WMONI,6,sticky,embioptera,1
WMONI-S7,WMONI,7,sticky,coleoptera,2
WMONI-S7,WMONI,7,sticky,diptera,18
WMONI-S7,WMONI,7,sticky,hymenoptera,2
WMONI-S7,WMONI,7,sticky,embioptera,1
WMONI-S7,WMONI,7,sticky,acari,1
WMONI-S7,WMONI,7,sticky,araneae,1
WMONI-S8,WMONI,8,sticky,coleoptera,4
WMONI-S8,WMONI,8,sticky,diptera,47
WMONI-S8,WMONI,8,sticky,hymenoptera,2
WMONI-S8,WMONI,8,sticky,acari,1
WMONI-S8,WMONI,8,sticky,araneae,1
WMONI-S9,WMONI,9,sticky,coleoptera,1
WMONI-S9,WMONI,9,sticky,diptera,30
WMONI-S9,WMONI,9,sticky,acari,1
WMONI-S10,WMONI,10,sticky,coleoptera,1
WMONI-S10,WMONI,10,sticky,diptera,34
WMONI-S10,WMONI,10,sticky,hymenoptera,4
WMONI-S10,WMONI,10,sticky,collembola,1
WMONI-S10,WMONI,10,sticky,embioptera,1
WMONI-S10,WMONI,10,sticky,acari,6
WMONI-S10,WMONI,10,sticky,araneae,1
WMONI-S11,WMONI,11,sticky,coleoptera,4
WMONI-S11,WMONI,11,sticky,diptera,26
WMONI-S11,WMONI,11,sticky,hymenoptera,5
WMONI-S11,WMONI,11,sticky,araneae,1
WMONI-S12,WMONI,12,sticky,diptera,28
WMONI-S12,WMONI,12,sticky,hemiptera,7
WMONI-S12,WMONI,12,sticky,hymenoptera,1
